INSERT INTO task (id,label,create_date,due_date,status) VALUES (1,'PS 1',4/1/2018,3/2/2018,1);
INSERT INTO task (id,label,create_date,due_date,status) VALUES (2,'PS 2',4/1/2018,3/9/2018,1);
INSERT INTO task (id,label,create_date,due_date,status) VALUES (3,'PS 3',4/1/2018,3/17/2018,1);
INSERT INTO task (id,label,create_date,due_date,status) VALUES (4,'HW 1',4/1/2018,1/8/2018,1);
INSERT INTO task (id,label,create_date,due_date,status) VALUES (5,'HW 2',4/1/2018,1/25/2018,1);
INSERT INTO task (id,label,create_date,due_date,status) VALUES (6,'HW 3',4/1/2018,3/15/2018,0);
INSERT INTO task (id,label,create_date,due_date,status) VALUES (7,'HW 4',4/1/2018,4/15/2018,1);
INSERT INTO task (id,label,create_date,due_date,status) VALUES (8,'HW 1',4/1/2018,2/5/2018,1);
INSERT INTO task (id,label,create_date,due_date,status) VALUES (9,'HW 2',4/1/2018,2/25/2018,1);
INSERT INTO task (id,label,create_date,due_date,status) VALUES (10,'HW 3',4/1/2018,4/4/2018,1);
INSERT INTO task (id,label,create_date,due_date,status) VALUES (11,'DB EXAM 1',4/1/2018,2/7/2018,1);
INSERT INTO task (id,label,create_date,due_date,status) VALUES (12,'DB EXAM 2',4/1/2018,4/25/2018,1);
INSERT INTO task (id,label,create_date,due_date,status) VALUES (13,'QUIZ 1',4/1/2018,2/15/2019,1);
INSERT INTO task (id,label,create_date,due_date,status) VALUES (14,'QUIZ 2',4/1/2018,3/13/2018,1);
INSERT INTO task (id,label,create_date,due_date,status) VALUES (15,'QUIZ 3',4/1/2018,4/20/2018,1);
INSERT INTO task (id,label,create_date,due_date,status) VALUES (16,'421 EXAM 1',4/1/2018,2/2/2018,1);
INSERT INTO task (id,label,create_date,due_date,status) VALUES (17,'421 EXAM 2',4/1/2018,3/15/2018,1);
INSERT INTO task (id,label,create_date,due_date,status) VALUES (18,'421 EXAM 3',4/1/2018,4/25/2018,1);
INSERT INTO task (id,label,create_date,status) VALUES (19,'PWM TESTING',4/1/2018,0);
INSERT INTO task (id,label,create_date,status) VALUES (20,'GAZEBO SIM SETUP',4/1/2018,0);
INSERT INTO task (id,label,create_date,status) VALUES (21,'BUDGET REQUEST',4/1/2018,0);
INSERT INTO task (id,label,create_date,due_date,status) VALUES (22,'PAY NESSA',4/17/2018,6/1/2018,0);
INSERT INTO task (id,label,create_date,due_date,status) VALUES (23,'PICK VENUE',4/18/2018,7/10/2018,0);
INSERT INTO task (id,label,create_date,due_date,status) VALUES (24,'FIND OFFICIANT',4/19/2018,6/1/2018,0);
INSERT INTO task (id,label,create_date,due_date,status) VALUES (25,'PLAN MEALS',4/20/2018,6/5/2018,0);
INSERT INTO task (id,label,create_date,due_date,status) VALUES (26,'GIVE THIS GROUP AN A!',4/30/2018,4/30/2018,0);

INSERT INTO tags (name) VALUES ('school');
INSERT INTO tags (name) VALUES ('aclub');
INSERT INTO tags (name) VALUES ('410');
INSERT INTO tags (name) VALUES ('421');
INSERT INTO tags (name) VALUES ('455');
INSERT INTO tags (name) VALUES ('wedding');

INSERT INTO tagged_task (task_id,tag_name) VALUES (1,'school');
INSERT INTO tagged_task (task_id,tag_name) VALUES (2,'school');
INSERT INTO tagged_task (task_id,tag_name) VALUES (3,'school');
INSERT INTO tagged_task (task_id,tag_name) VALUES (4,'school');
INSERT INTO tagged_task (task_id,tag_name) VALUES (5,'school');
INSERT INTO tagged_task (task_id,tag_name) VALUES (6,'school');
INSERT INTO tagged_task (task_id,tag_name) VALUES (7,'school');
INSERT INTO tagged_task (task_id,tag_name) VALUES (8,'school');
INSERT INTO tagged_task (task_id,tag_name) VALUES (9,'school');
INSERT INTO tagged_task (task_id,tag_name) VALUES (10,'school');
INSERT INTO tagged_task (task_id,tag_name) VALUES (11,'school');
INSERT INTO tagged_task (task_id,tag_name) VALUES (12,'school');
INSERT INTO tagged_task (task_id,tag_name) VALUES (13,'school');
INSERT INTO tagged_task (task_id,tag_name) VALUES (14,'school');
INSERT INTO tagged_task (task_id,tag_name) VALUES (15,'school');
INSERT INTO tagged_task (task_id,tag_name) VALUES (16,'school');
INSERT INTO tagged_task (task_id,tag_name) VALUES (17,'school');
INSERT INTO tagged_task (task_id,tag_name) VALUES (18,'school');
INSERT INTO tagged_task (task_id,tag_name) VALUES (19,'aclub');
INSERT INTO tagged_task (task_id,tag_name) VALUES (20,'aclub');
INSERT INTO tagged_task (task_id,tag_name) VALUES (21,'aclub');
INSERT INTO tagged_task (task_id,tag_name) VALUES (22,'wedding');
INSERT INTO tagged_task (task_id,tag_name) VALUES (23,'wedding');
INSERT INTO tagged_task (task_id,tag_name) VALUES (24,'wedding');
INSERT INTO tagged_task (task_id,tag_name) VALUES (25,'wedding');
INSERT INTO tagged_task (task_id,tag_name) VALUES (26,'wedding');
INSERT INTO tagged_task (task_id,tag_name) VALUES (1,'421');
INSERT INTO tagged_task (task_id,tag_name) VALUES (2,'421');
INSERT INTO tagged_task (task_id,tag_name) VALUES (3,'421');
INSERT INTO tagged_task (task_id,tag_name) VALUES (4,'455');
INSERT INTO tagged_task (task_id,tag_name) VALUES (5,'455');
INSERT INTO tagged_task (task_id,tag_name) VALUES (6,'455');
INSERT INTO tagged_task (task_id,tag_name) VALUES (7,'455');
INSERT INTO tagged_task (task_id,tag_name) VALUES (8,'410');
INSERT INTO tagged_task (task_id,tag_name) VALUES (9,'410');
INSERT INTO tagged_task (task_id,tag_name) VALUES (10,'410');
INSERT INTO tagged_task (task_id,tag_name) VALUES (11,'410');
INSERT INTO tagged_task (task_id,tag_name) VALUES (12,'410');
INSERT INTO tagged_task (task_id,tag_name) VALUES (13,'455');
INSERT INTO tagged_task (task_id,tag_name) VALUES (14,'455');
INSERT INTO tagged_task (task_id,tag_name) VALUES (15,'455');
INSERT INTO tagged_task (task_id,tag_name) VALUES (16,'421');
INSERT INTO tagged_task (task_id,tag_name) VALUES (17,'421');
INSERT INTO tagged_task (task_id,tag_name) VALUES (18,'421');